{
  "modelo": "roboflow_emotion",
  "num_simulations": 30,
  "acuracia_alegria_mean": 0.6426666666666668,
  "acuracia_alegria_std": 0.06982408108131875,
  "acuracia_raiva_mean": 0.12733333333333335,
  "acuracia_raiva_std": 0.05394335044721697,
  "acuracia_geral_mean": 0.3849999999999999,
  "acuracia_geral_std": 0.03692956949990449,
  "precisao_alegria_mean": 0.42338897948817844,
  "precisao_alegria_std": 0.0270543737251776,
  "precisao_raiva_mean": 0.25596855890136083,
  "precisao_raiva_std": 0.07594109526281805,
  "precisao_macro_mean": 0.3396787691947697,
  "precisao_macro_std": 0.04739604917562888,
  "recall_alegria_mean": 0.6426666666666668,
  "recall_alegria_std": 0.06982408108131875,
  "recall_raiva_mean": 0.12733333333333335,
  "recall_raiva_std": 0.05394335044721697,
  "recall_macro_mean": 0.3849999999999999,
  "recall_macro_std": 0.03692956949990449,
  "f1_alegria_mean": 0.5099573354502317,
  "f1_alegria_std": 0.03963277927544183,
  "f1_raiva_mean": 0.16863218512592734,
  "f1_raiva_std": 0.06393826690607275,
  "f1_macro_mean": 0.33929476028807953,
  "f1_macro_std": 0.03853862192757338,
  "tempo_total_segundos": 1742.5139565467834,
  "tempo_medio_por_simulacao": 58.08379855155945,
  "tempo_medio_ms": 58083.79855155945,
  "tempo_std_ms": 8390.52714194325
}