{
  "image_stats": {
    "total_analyzed": 44441,
    "failed": 0,
    "width": {
      "min": 150,
      "max": 3744,
      "mean": 1397.1412209446232,
      "median": 1080.0,
      "std": 367.2056757102641
    },
    "height": {
      "min": 200,
      "max": 5616,
      "mean": 1862.8735176976215,
      "median": 1440.0,
      "std": 489.95983898771044
    },
    "aspect_ratio": {
      "min": 0.664179104477612,
      "max": 1.0,
      "mean": 0.7500094052795587,
      "median": 0.75
    },
    "modes": {
      "RGB": 44441
    },
    "size_kb": {
      "min": 2.6630859375,
      "max": 4582.3515625,
      "mean": 327.8500138130822,
      "median": 306.283203125
    },
    "failed_images": []
  },
  "color_stats": {
    "mean_r": 218.8106478,
    "mean_g": 215.35432740000002,
    "mean_b": 213.68142060000002,
    "brightness": {
      "mean": 216.1970558244,
      "median": 218.87516419999997,
      "std": 22.765397962316396
    }
  },
  "resolution_stats": {
    "top_resolutions": [
      [
        [
          1080,
          1440
        ],
        24459
      ],
      [
        [
          1800,
          2400
        ],
        19721
      ],
      [
        [
          150,
          200
        ],
        119
      ],
      [
        [
          360,
          480
        ],
        60
      ],
      [
        [
          540,
          720
        ],
        21
      ],
      [
        [
          1200,
          1600
        ],
        8
      ],
      [
        [
          2250,
          3000
        ],
        4
      ],
      [
        [
          2700,
          2700
        ],
        4
      ],
      [
        [
          3744,
          5616
        ],
        3
      ],
      [
        [
          1800,
          2297
        ],
        2
      ],
      [
        [
          3456,
          5184
        ],
        2
      ],
      [
        [
          2355,
          3140
        ],
        2
      ],
      [
        [
          2759,
          3678
        ],
        2
      ],
      [
        [
          1799,
          2400
        ],
        2
      ],
      [
        [
          2425,
          3233
        ],
        2
      ],
      [
        [
          1800,
          2401
        ],
        2
      ],
      [
        [
          1097,
          1453
        ],
        1
      ],
      [
        [
          1350,
          1800
        ],
        1
      ],
      [
        [
          2442,
          3256
        ],
        1
      ],
      [
        [
          480,
          640
        ],
        1
      ]
    ],
    "unique_resolutions": 44
  }
}