{
  "Google Vision": {
    "acuracia_geral": {
      "media": 0.16416161616161623,
      "desvio_padrao": 0.039794650374270615,
      "mediana": 0.16,
      "minimo": 0.09,
      "maximo": 0.23,
      "q1": 0.14,
      "q3": 0.19797979797979798,
      "iqr": 0.057979797979797965,
      "n_simulacoes": 30
    },
    "precisao_macro": {
      "media": 0.14205900308879343,
      "desvio_padrao": 0.0352233086790434,
      "mediana": 0.14466354723707658,
      "minimo": 0.0818033455732354,
      "maximo": 0.2002893757751137,
      "q1": 0.11087740384615383,
      "q3": 0.1721185034830165,
      "iqr": 0.06124109963686267,
      "n_simulacoes": 30
    },
    "recall_macro": {
      "media": 0.16425850340136058,
      "desvio_padrao": 0.0397788892753306,
      "mediana": 0.16,
      "minimo": 0.09,
      "maximo": 0.2299999999999999,
      "q1": 0.14,
      "q3": 0.19821428571428562,
      "iqr": 0.05821428571428561,
      "n_simulacoes": 30
    },
    "f1_macro": {
      "media": 0.15095404962984812,
      "desvio_padrao": 0.03600796319396658,
      "mediana": 0.1530522617479139,
      "minimo": 0.0855190433122299,
      "maximo": 0.204406364749082,
      "q1": 0.12353426526823535,
      "q3": 0.17980470092054746,
      "iqr": 0.0562704356523121,
      "n_simulacoes": 30
    },
    "tempo_total_ms": {
      "media": 139.3733680963516,
      "desvio_padrao": 187.08388540688446,
      "mediana": 98.08824408054352,
      "minimo": 86.78224301338196,
      "maximo": 1118.8303940296173,
      "q1": 93.89701920747756,
      "q3": 107.09856986999512,
      "iqr": 13.201550662517562,
      "n_simulacoes": 30
    },
    "por_classe": {
      "alegria": {
        "acuracia": {
          "media": 0.2845170068027211,
          "desvio_padrao": 0.06916194023679412,
          "mediana": 0.28285714285714286,
          "minimo": 0.16,
          "maximo": 0.42
        },
        "precisao": {
          "media": 0.22691817170134057,
          "desvio_padrao": 0.04450437803322784,
          "mediana": 0.22828784119106693,
          "minimo": 0.1403508771929824,
          "maximo": 0.3043478260869565
        },
        "recall": {
          "media": 0.2845170068027211,
          "desvio_padrao": 0.06916194023679412,
          "mediana": 0.28285714285714286,
          "minimo": 0.16,
          "maximo": 0.42
        },
        "f1": {
          "media": 0.2522791023859853,
          "desvio_padrao": 0.05463811132308069,
          "mediana": 0.2546296296296296,
          "minimo": 0.1495327102803738,
          "maximo": 0.3529411764705883
        }
      },
      "raiva": {
        "acuracia": {
          "media": 0.04400000000000001,
          "desvio_padrao": 0.03296811416693617,
          "mediana": 0.04,
          "minimo": 0.0,
          "maximo": 0.12
        },
        "precisao": {
          "media": 0.05719983447624632,
          "desvio_padrao": 0.04118321113874013,
          "mediana": 0.055598455598455554,
          "minimo": 0.0,
          "maximo": 0.1463414634146341
        },
        "recall": {
          "media": 0.04400000000000001,
          "desvio_padrao": 0.03296811416693617,
          "mediana": 0.04,
          "minimo": 0.0,
          "maximo": 0.12
        },
        "f1": {
          "media": 0.04962899687371105,
          "desvio_padrao": 0.03649500297119577,
          "mediana": 0.04651791751183225,
          "minimo": 0.0,
          "maximo": 0.1318681318681318
        }
      }
    }
  },
  "Roboflow": {
    "acuracia_geral": {
      "media": 0.3849999999999999,
      "desvio_padrao": 0.03692956949990449,
      "mediana": 0.38,
      "minimo": 0.28,
      "maximo": 0.44,
      "q1": 0.37,
      "q3": 0.4175,
      "iqr": 0.04749999999999999,
      "n_simulacoes": 30
    },
    "precisao_macro": {
      "media": 0.3396787691947697,
      "desvio_padrao": 0.04739604917562888,
      "mediana": 0.33980057993215884,
      "minimo": 0.2472426470588235,
      "maximo": 0.4285714285714286,
      "q1": 0.3055094530731777,
      "q3": 0.3789525691699604,
      "iqr": 0.07344311609678272,
      "n_simulacoes": 30
    },
    "recall_macro": {
      "media": 0.3849999999999999,
      "desvio_padrao": 0.03692956949990449,
      "mediana": 0.38,
      "minimo": 0.28,
      "maximo": 0.44,
      "q1": 0.37,
      "q3": 0.4175,
      "iqr": 0.04749999999999999,
      "n_simulacoes": 30
    },
    "f1_macro": {
      "media": 0.33929476028807953,
      "desvio_padrao": 0.03853862192757338,
      "mediana": 0.33857729910361484,
      "minimo": 0.2558908639933857,
      "maximo": 0.4166666666666666,
      "q1": 0.31253759515445334,
      "q3": 0.3721517365979937,
      "iqr": 0.05961414144354038,
      "n_simulacoes": 30
    },
    "tempo_total_ms": {
      "media": 58.08379855155945,
      "desvio_padrao": 8.39052714194325,
      "mediana": 55.236246943473816,
      "minimo": 52.4346981048584,
      "maximo": 83.3996229171753,
      "q1": 53.45262920856476,
      "q3": 56.772294998168945,
      "iqr": 3.319665789604187,
      "n_simulacoes": 30
    },
    "por_classe": {
      "alegria": {
        "acuracia": {
          "media": 0.6426666666666668,
          "desvio_padrao": 0.06982408108131875,
          "mediana": 0.64,
          "minimo": 0.46,
          "maximo": 0.78
        },
        "precisao": {
          "media": 0.42338897948817844,
          "desvio_padrao": 0.0270543737251776,
          "mediana": 0.4254545454545454,
          "minimo": 0.3382352941176471,
          "maximo": 0.4583333333333333
        },
        "recall": {
          "media": 0.6426666666666668,
          "desvio_padrao": 0.06982408108131875,
          "mediana": 0.64,
          "minimo": 0.46,
          "maximo": 0.78
        },
        "f1": {
          "media": 0.5099573354502317,
          "desvio_padrao": 0.03963277927544183,
          "mediana": 0.5116279069767441,
          "minimo": 0.3898305084745763,
          "maximo": 0.5735294117647058
        }
      },
      "raiva": {
        "acuracia": {
          "media": 0.12733333333333335,
          "desvio_padrao": 0.05394335044721697,
          "mediana": 0.12,
          "minimo": 0.04,
          "maximo": 0.24
        },
        "precisao": {
          "media": 0.25596855890136083,
          "desvio_padrao": 0.07594109526281805,
          "mediana": 0.25,
          "minimo": 0.125,
          "maximo": 0.4
        },
        "recall": {
          "media": 0.12733333333333335,
          "desvio_padrao": 0.05394335044721697,
          "mediana": 0.12,
          "minimo": 0.04,
          "maximo": 0.24
        },
        "f1": {
          "media": 0.16863218512592734,
          "desvio_padrao": 0.06393826690607275,
          "mediana": 0.16441441441441434,
          "minimo": 0.0606060606060606,
          "maximo": 0.3
        }
      }
    }
  }
}