Modelo,Métrica,Statistic,p_value,Normal,Alpha
Google Vision,acuracia_geral,0.9593749062987608,0.29855825418611487,Sim,0.05
Google Vision,precisao_macro,0.9609009938245535,0.32657835876854696,Sim,0.05
Google Vision,recall_macro,0.9594138775178899,0.2992471004122103,Sim,0.05
Google Vision,f1_macro,0.9545257086663376,0.2231166906266052,Sim,0.05
Roboflow,acuracia_geral,0.942285205914096,0.10481507943758789,Sim,0.05
Roboflow,precisao_macro,0.9798899446093192,0.8226196168199761,Sim,0.05
Roboflow,recall_macro,0.942285205914096,0.10481507943758789,Sim,0.05
Roboflow,f1_macro,0.9846414289677062,0.930928117276142,Sim,0.05
