Comparação,Métrica,Média_Modelo1,Média_Modelo2,Diferença,t_statistic,p_value,Significativo,Cohens_d,Interpretação,Alpha
Google Vision vs Roboflow,acuracia_geral,0.16416161616161623,0.3849999999999999,0.22083838383838367,-24.626933670358902,5.447641343335309e-21,Sim,-5.752670250126462,Grande,0.05
Google Vision vs Roboflow,precisao_macro,0.14205900308879343,0.3396787691947697,0.19761976610597626,-20.355804998668027,1.017490916993278e-18,Sim,-4.732768217068638,Grande,0.05
Google Vision vs Roboflow,recall_macro,0.16425850340136058,0.3849999999999999,0.22074149659863931,-24.618067375767247,5.502287686145999e-21,Sim,-5.7513701897045495,Grande,0.05
Google Vision vs Roboflow,f1_macro,0.15095404962984812,0.33929476028807953,0.1883407106582314,-22.14846889274647,1.015694244627782e-19,Sim,-5.05005776030212,Grande,0.05
