{
  "modelo": "google_vision_emotion",
  "num_simulations": 30,
  "acuracia_alegria_mean": 0.2845170068027211,
  "acuracia_alegria_std": 0.06916194023679412,
  "acuracia_raiva_mean": 0.04400000000000001,
  "acuracia_raiva_std": 0.03296811416693617,
  "acuracia_geral_mean": 0.16416161616161623,
  "acuracia_geral_std": 0.039794650374270615,
  "tempo_total_segundos": 4183.242455005646,
  "tempo_medio_por_simulacao": 139.44141516685485,
  "tempo_medio_ms": 139373.36809635162,
  "tempo_std_ms": 187083.88540688448,
  "timestamp": "2025-11-29T13:32:28.485661",
  "precisao_alegria_mean": 0.22691817170134057,
  "precisao_alegria_std": 0.04450437803322783,
  "precisao_raiva_mean": 0.057199834476246346,
  "precisao_raiva_std": 0.04118321113874014,
  "precisao_macro_mean": 0.14205900308879346,
  "precisao_macro_std": 0.0352233086790434,
  "recall_alegria_mean": 0.2845170068027211,
  "recall_alegria_std": 0.06916194023679412,
  "recall_raiva_mean": 0.04400000000000001,
  "recall_raiva_std": 0.03296811416693617,
  "recall_macro_mean": 0.16425850340136058,
  "recall_macro_std": 0.0397788892753306,
  "f1_alegria_mean": 0.2522791023859853,
  "f1_alegria_std": 0.054638111323080676,
  "f1_raiva_mean": 0.04962899687371109,
  "f1_raiva_std": 0.03649500297119578,
  "f1_macro_mean": 0.15095404962984818,
  "f1_macro_std": 0.03600796319396658
}